company_name,address,city
Ekris Zeist,Blanckenhagenweg 22-24,3712 DE Huis ter Heide
Ekris Veenendaal,Plesmanstraat 45,3905 KZ Veenendaal
Van Poelgeest Amersfoort B.V.,Ruimtevaart 2,3824 MX Amersfoort
Ekris Nijkerk,Patroonstraat 5,3861 RN Nijkerk
Van Poelgeest Hilversum B.V.,Franciscusweg 4,1216 SK Hilversum
Ekris Utrecht,Proostwetering 51,3543 AC Utrecht
Story Waardenburg,Filipsweistraat 8,4181 CH WAARDENBURG
Van Poelgeest Naarden B.V.,Energiestraat 51,1411 AS Naarden
Van Poelgeest Woerden,Middellandse Zee 13,3446 CG Woerden
Bergwerff Automotive B.V.,Bannepoort 2,4205 MZ Gorinchem
Story 's-Hertogenbosch,Hervensebaan 29,5232 JL 's-Hertogenbosch
Story Nijmegen,Neerbosscheweg 2,6534 AA NIJMEGEN
Ekris Arnhem,Markweg 4,6883 JM Velp
Dusseldorp Apeldoorn B.V.,Kayersdijk 150,7332 AW Apeldoorn
Van Poelgeest Amsterdam B.V.,Pieter Braaijweg 12,1114 AJ Amsterdam - Duivendrecht
Van Poelgeest Amstelveen B.V.,Burg A. Colijnweg 6-8,1182 AL Amstelveen
NobraCars Uden,Hoevenseweg 22,5403 PA Uden
Ekris Flevoland,Poseidonweg 5,8239 DK Lelystad
Hedin Automotive Waalwijk,Van Andelstraat 9,5141 PB Waalwijk
Van Poelgeest Gouda,Antwerpseweg 11,2803 PB Gouda
Van Poelgeest Alphen aan den Rijn,Gouwelandenlaan 13,2408 ZG Alphen A/d Rijn
Dusseldorp Oostzaan B.V.,Skoon 30,1511 HV Oostzaan
Dusseldorp Deventer B.V.,Lochemseweg 2C,7214 RH Epse
Hedin Automotive Dordrecht,Mijlweg 65,3316 BE Dordrecht
Hedin Automotive Tilburg,Driehuizendijk 1,5022 KD Tilburg
Dusseldorp Rotterdam Noord,Autolettestraat 20,3063 NP Rotterdam
Van Poelgeest Heemstede,Cruquiusweg 25,2102 LS Heemstede
Oostland Doetinchem B.V.,Innovatieweg 12,7007 CD Doetinchem
Van Laarhoven BMW,Huizingalaan 64,5628 CM Eindhoven
Van Poelgeest Noordwijk,Keyserswey 91,2201 CX Noordwijk
Dusseldorp Rotterdam Zuid,Driemanssteeweg 130,3084 CB Rotterdam
Hedin Automotive Breda,Huifakkerstraat 1,4815 PN Breda
Dusseldorp Den Haag B.V.,Donau 38-40 (Forepark),2491 BA Den Haag
NobraCars Helmond,Varenschut 15,5705 DK Helmond
Dusseldorp Schiedam B.V.,Karel Doormanweg 21,3115 JD Schiedam
Dusseldorp Hoorn B.V.,De Compagnie 27,1689 AG Zwaag (Hoorn)
Dusseldorp Zwolle B.V.,Molenland 4,8024 AL Zwolle
Van Hooff B.V.,De Run 6803,5504 DW Veldhoven
Hedin Automotive Numansdorp,Burg. de Zeeuwstraat 130,3281 AL Numansdorp
Dusseldorp Alkmaar B.V.,Koraalstraat 5,1812 RK Alkmaar
Dusseldorp Wateringen B.V.,De Lierseweg 3,2291 PD Wateringen
Dusseldorp Brielle,Seggelant - Oost 4,3237 MH Vierpolders (Brielle)
Hedin Automotive Roosendaal,Vlierwerf 2,4704 SB Roosendaal
Oostland Groenlo B.V.,Winterswijkseweg 6,7141 DN Groenlo
De Maassche Venlo B.V.,Hudsonweg 1,5928 LW Venlo
Oostland Almelo B.V.,Twentepoort West 4,7609 RD Almelo
Oostland Enschede B.V.,Spaansland 10,7543 BG Enschede
Ekris Heerenveen,Skrynmakker 32,8447 GH Heerenveen
De Maassche Echt,Bellweg 3,6101 XA Echt
Hedin Automotive Goes,Amundsenweg 33,4462 GP Goes
Ekris Assen,Transportweg 6,9405 PR Assen
Ekris Maastricht,Australiëlaan 30,6199 AA MAASTRICHT-AIRPORT
Ekris Heerlen,Terhoevenderweg 98,6412 ZJ HEERLEN